{"metadata":{"asset_id":"97dddcbc-c68a-4f7f-86ab-7906ad4d701f","asset_attributes":["notebook"],"name":"EDA with SQL lab","asset_type":"notebook","created_at":"2022-06-25T18:13:08Z","description":"","origin_country":"us","owner_id":"IBMid-665001TBZG","project_id":"6534e2e1-007c-4452-b5d0-68ed950db5f7","size":26028,"tags":["notebook"],"usage":{"last_update_time":1656186698133,"last_updated_at":"2022-06-25T19:51:38Z"}},"entity":{"notebook":{"kernel":{"name":"python3","display_name":"Python 3.9","language":"python"},"originates_from":{"type":"blank"},"runtime":{"environment":"conda2rt221-6534e2e1-007c-4452-b5d0-68ed950db5f7"}}},"attachments":[{"id":"01cb2d77-51b9-4d35-8a7b-f5badc3f2e80","version":2,"asset_type":"notebook","name":"attachment for notebook 97dddcbc-c68a-4f7f-86ab-7906ad4d701f","description":"attachment for notebook 97dddcbc-c68a-4f7f-86ab-7906ad4d701f","mime":"application/json","datasource_type":"193a97c1-4475-4a19-b90c-295c4fdc6517","object_key":"notebook/EDA_with_SQL_lab_lavew7F_c.ipynb","creator_id":"IBMid-665001TBZG","create_time":1656180789262,"size":26028,"is_remote":false,"is_managed":false,"is_referenced":true,"is_object_key_read_only":false,"is_user_provided_path_key":true,"transfer_complete":true,"is_partitioned":false,"complete_time_ticks":1656180789262,"user_data":{},"test_doc":0,"handle":{"bucket":"applieddatasciencecapstone-donotdelete-pr-nhxlk7y8alukha","location":"us-geo","key":"notebook/EDA_with_SQL_lab_lavew7F_c.ipynb","upload_id":"done","max_part_num":1},"usage":{"access_count":24,"last_accessor_id":"IBMid-665001TBZG","last_access_time":1656186696522,"last_updater_id":"IBMid-665001TBZG","last_update_time":1656186696522}}]}
