{"metadata":{"asset_id":"3129000b-c8c6-4ffa-ab2f-00f2a5cd1f19","asset_attributes":["notebook"],"name":"Data Collection with Web Scraping","asset_type":"notebook","created_at":"2022-06-12T21:29:42Z","description":"Data Collection for Capstone using Web Scraping","origin_country":"us","owner_id":"IBMid-665001TBZG","project_id":"6534e2e1-007c-4452-b5d0-68ed950db5f7","size":52474,"tags":["notebook"],"usage":{"last_update_time":1655072711828,"last_updated_at":"2022-06-12T22:25:11Z"}},"entity":{"notebook":{"kernel":{"name":"python3","display_name":"Python 3.9","language":"python"},"originates_from":{"type":"blank"},"runtime":{"environment":"conda2rt221-6534e2e1-007c-4452-b5d0-68ed950db5f7"}}},"attachments":[{"id":"83552645-a2fb-4196-affc-e2147d7f53da","version":2,"asset_type":"notebook","name":"attachment for notebook 3129000b-c8c6-4ffa-ab2f-00f2a5cd1f19","description":"attachment for notebook 3129000b-c8c6-4ffa-ab2f-00f2a5cd1f19","mime":"application/json","datasource_type":"193a97c1-4475-4a19-b90c-295c4fdc6517","object_key":"notebook/Data_Collection_with_Web_Scraping_vnP6CDulF.ipynb","creator_id":"IBMid-665001TBZG","create_time":1655069382885,"size":52474,"is_remote":false,"is_managed":false,"is_referenced":true,"is_object_key_read_only":false,"is_user_provided_path_key":true,"transfer_complete":true,"is_partitioned":false,"complete_time_ticks":1655069382885,"user_data":{},"test_doc":0,"handle":{"bucket":"applieddatasciencecapstone-donotdelete-pr-nhxlk7y8alukha","location":"us-geo","key":"notebook/Data_Collection_with_Web_Scraping_vnP6CDulF.ipynb","upload_id":"done","max_part_num":1},"usage":{"access_count":7,"last_accessor_id":"IBMid-665001TBZG","last_access_time":1655072711826,"last_updater_id":"IBMid-665001TBZG","last_update_time":1655072711826}}]}
