{"metadata":{"asset_id":"32101e92-2f9e-4142-a5a4-d44a6ceea78c","asset_attributes":["notebook"],"name":"Data Collection API","asset_type":"notebook","created_at":"2022-06-12T21:25:15Z","description":"Data Collection for Capstone project","origin_country":"us","owner_id":"IBMid-665001TBZG","project_id":"6534e2e1-007c-4452-b5d0-68ed950db5f7","size":617872,"tags":["notebook"],"usage":{"last_update_time":1656194779492,"last_updated_at":"2022-06-25T22:06:19Z"}},"entity":{"notebook":{"kernel":{"name":"python3","display_name":"Python 3.9","language":"python"},"originates_from":{"type":"blank"},"runtime":{"environment":"conda2rt221-6534e2e1-007c-4452-b5d0-68ed950db5f7"}}},"attachments":[{"id":"653b2993-57eb-426e-a36e-24fe5b2b7eb7","version":2,"asset_type":"notebook","name":"attachment for notebook 32101e92-2f9e-4142-a5a4-d44a6ceea78c","description":"attachment for notebook 32101e92-2f9e-4142-a5a4-d44a6ceea78c","mime":"application/json","datasource_type":"193a97c1-4475-4a19-b90c-295c4fdc6517","object_key":"notebook/Data_Collection_API_EgsrXAtVB.ipynb","creator_id":"IBMid-665001TBZG","create_time":1655069116165,"size":617872,"is_remote":false,"is_managed":false,"is_referenced":true,"is_object_key_read_only":false,"is_user_provided_path_key":true,"transfer_complete":true,"is_partitioned":false,"complete_time_ticks":1655069116165,"user_data":{},"test_doc":0,"handle":{"bucket":"applieddatasciencecapstone-donotdelete-pr-nhxlk7y8alukha","location":"us-geo","key":"notebook/Data_Collection_API_EgsrXAtVB.ipynb","upload_id":"done","max_part_num":1},"usage":{"access_count":13,"last_accessor_id":"IBMid-665001TBZG","last_access_time":1655071786977,"last_updater_id":"IBMid-665001TBZG","last_update_time":1655071786977}}]}
