{"metadata":{"asset_id":"84785c94-e6d5-4bca-84b7-5a1cb9f73660","asset_attributes":["notebook"],"name":"EDA with Visualization Lab","asset_type":"notebook","created_at":"2022-06-25T19:53:43Z","description":"","origin_country":"us","owner_id":"IBMid-665001TBZG","project_id":"6534e2e1-007c-4452-b5d0-68ed950db5f7","size":170742,"tags":["notebook"],"usage":{"last_update_time":1656187226242,"last_updated_at":"2022-06-25T20:00:26Z"}},"entity":{"notebook":{"kernel":{"name":"python3","display_name":"Python 3.9","language":"python"},"originates_from":{"type":"blank"},"runtime":{"environment":"conda2rt221-6534e2e1-007c-4452-b5d0-68ed950db5f7"}}},"attachments":[{"id":"a182e810-3014-4976-a25d-fe85c48f7188","version":2,"asset_type":"notebook","name":"attachment for notebook 84785c94-e6d5-4bca-84b7-5a1cb9f73660","description":"attachment for notebook 84785c94-e6d5-4bca-84b7-5a1cb9f73660","mime":"application/json","datasource_type":"193a97c1-4475-4a19-b90c-295c4fdc6517","object_key":"notebook/EDA_with_Visualization_Lab_Hx8OAkPpR.ipynb","creator_id":"IBMid-665001TBZG","create_time":1656186824777,"size":170742,"is_remote":false,"is_managed":false,"is_referenced":true,"is_object_key_read_only":false,"is_user_provided_path_key":true,"transfer_complete":true,"is_partitioned":false,"complete_time_ticks":1656186824777,"user_data":{},"test_doc":0,"handle":{"bucket":"applieddatasciencecapstone-donotdelete-pr-nhxlk7y8alukha","location":"us-geo","key":"notebook/EDA_with_Visualization_Lab_Hx8OAkPpR.ipynb","upload_id":"done","max_part_num":1},"usage":{"access_count":3,"last_accessor_id":"IBMid-665001TBZG","last_access_time":1656187196835,"last_updater_id":"IBMid-665001TBZG","last_update_time":1656187196835}}]}
