{"metadata":{"asset_id":"06f16804-1ef0-4db8-9977-94d7539c603a","asset_attributes":["notebook"],"name":"Interactive Visual Analytics with Folium Lab","asset_type":"notebook","created_at":"2022-06-25T20:07:02Z","description":"","origin_country":"us","owner_id":"IBMid-665001TBZG","project_id":"6534e2e1-007c-4452-b5d0-68ed950db5f7","size":192146,"tags":["notebook"],"usage":{"last_update_time":1656188384293,"last_updated_at":"2022-06-25T20:19:44Z"}},"entity":{"notebook":{"kernel":{"name":"python3","display_name":"Python 3.9","language":"python"},"originates_from":{"type":"blank"},"runtime":{"environment":"conda2rt221-6534e2e1-007c-4452-b5d0-68ed950db5f7"}}},"attachments":[{"id":"5d214709-25a9-4099-bd5c-5f22fa2d60bd","version":2,"asset_type":"notebook","name":"attachment for notebook 06f16804-1ef0-4db8-9977-94d7539c603a","description":"attachment for notebook 06f16804-1ef0-4db8-9977-94d7539c603a","mime":"application/json","datasource_type":"193a97c1-4475-4a19-b90c-295c4fdc6517","object_key":"notebook/Interactive_Visual_Analytics_with_Folium_Lab_CBYOp0HvI.ipynb","creator_id":"IBMid-665001TBZG","create_time":1656187622865,"size":192146,"is_remote":false,"is_managed":false,"is_referenced":true,"is_object_key_read_only":false,"is_user_provided_path_key":true,"transfer_complete":true,"is_partitioned":false,"complete_time_ticks":1656187622865,"user_data":{},"test_doc":0,"handle":{"bucket":"applieddatasciencecapstone-donotdelete-pr-nhxlk7y8alukha","location":"us-geo","key":"notebook/Interactive_Visual_Analytics_with_Folium_Lab_CBYOp0HvI.ipynb","upload_id":"done","max_part_num":1},"usage":{"access_count":7,"last_accessor_id":"IBMid-665001TBZG","last_access_time":1656188384291,"last_updater_id":"IBMid-665001TBZG","last_update_time":1656188384291}}]}
