{"metadata":{"asset_id":"12f36f1c-6d4e-46a7-9475-b337a0b4b9bd","asset_attributes":["notebook"],"name":"EDA Lab","asset_type":"notebook","created_at":"2022-06-12T22:30:25Z","description":"Data Wrangling ","origin_country":"us","owner_id":"IBMid-665001TBZG","project_id":"6534e2e1-007c-4452-b5d0-68ed950db5f7","size":33259,"tags":["notebook"],"usage":{"last_update_time":1655073927118,"last_updated_at":"2022-06-12T22:45:27Z"}},"entity":{"notebook":{"kernel":{"name":"python3","display_name":"Python 3.9","language":"python"},"originates_from":{"type":"blank"},"runtime":{"environment":"conda2rt221-6534e2e1-007c-4452-b5d0-68ed950db5f7"}}},"attachments":[{"id":"57ea9144-2de4-4752-ba28-fc7c8297a1d7","version":2,"asset_type":"notebook","name":"attachment for notebook 12f36f1c-6d4e-46a7-9475-b337a0b4b9bd","description":"attachment for notebook 12f36f1c-6d4e-46a7-9475-b337a0b4b9bd","mime":"application/json","datasource_type":"193a97c1-4475-4a19-b90c-295c4fdc6517","object_key":"notebook/EDA_Lab_g_W0WhMPZ.ipynb","creator_id":"IBMid-665001TBZG","create_time":1655073026291,"size":33259,"is_remote":false,"is_managed":false,"is_referenced":true,"is_object_key_read_only":false,"is_user_provided_path_key":true,"transfer_complete":true,"is_partitioned":false,"complete_time_ticks":1655073026291,"user_data":{},"test_doc":0,"handle":{"bucket":"applieddatasciencecapstone-donotdelete-pr-nhxlk7y8alukha","location":"us-geo","key":"notebook/EDA_Lab_g_W0WhMPZ.ipynb","upload_id":"done","max_part_num":1},"usage":{"access_count":6,"last_accessor_id":"IBMid-665001TBZG","last_access_time":1655073775844,"last_updater_id":"IBMid-665001TBZG","last_update_time":1655073775844}}]}
