{"metadata":{"asset_id":"608f2b30-108e-41b9-a3e6-19357960d130","asset_attributes":["notebook"],"name":"Machine Learning Prediction Lab","asset_type":"notebook","created_at":"2022-06-25T20:26:12Z","description":"","origin_country":"us","owner_id":"IBMid-665001TBZG","project_id":"6534e2e1-007c-4452-b5d0-68ed950db5f7","size":91106,"tags":["notebook"],"usage":{"last_update_time":1656189403872,"last_updated_at":"2022-06-25T20:36:43Z"}},"entity":{"notebook":{"kernel":{"name":"python3","display_name":"Python 3.9","language":"python"},"originates_from":{"type":"blank"},"runtime":{"environment":"conda2rt221-6534e2e1-007c-4452-b5d0-68ed950db5f7"}}},"attachments":[{"id":"643837c5-7e2b-4c34-9c0f-9e6b21b82333","version":2,"asset_type":"notebook","name":"attachment for notebook 608f2b30-108e-41b9-a3e6-19357960d130","description":"attachment for notebook 608f2b30-108e-41b9-a3e6-19357960d130","mime":"application/json","datasource_type":"193a97c1-4475-4a19-b90c-295c4fdc6517","object_key":"notebook/Machine_Learning_Prediction_Lab_U5BxSuxrb.ipynb","creator_id":"IBMid-665001TBZG","create_time":1656188773680,"size":91106,"is_remote":false,"is_managed":false,"is_referenced":true,"is_object_key_read_only":false,"is_user_provided_path_key":true,"transfer_complete":true,"is_partitioned":false,"complete_time_ticks":1656188773680,"user_data":{},"test_doc":0,"handle":{"bucket":"applieddatasciencecapstone-donotdelete-pr-nhxlk7y8alukha","location":"us-geo","key":"notebook/Machine_Learning_Prediction_Lab_U5BxSuxrb.ipynb","upload_id":"done","max_part_num":1},"usage":{"access_count":6,"last_accessor_id":"IBMid-665001TBZG","last_access_time":1656189403869,"last_updater_id":"IBMid-665001TBZG","last_update_time":1656189403869}}]}
